{
  "annual_data": {
    "FY26 Budget": {
      "Revenue": {
        "Contributions": 93000.0,
        "Grants": 167900.0,
        "Earned Revenue": 660375.0,
        "Fundraising Events": 8500.0,
        "Sponsorships": 27000.0,
        "Other": 6000.0
      },
      "Expenses": {
        "Salaries & Wages": 710680.0,
        "Payroll Taxes": 71068.0,
        "Staff Benefits": 41700.0,
        "Accounting": 8400.0,
        "Insurance - Liability, D & O": 14000.0,
        "Regpack Subscription": 1700.0,
        "Stripe": 1600.0,
        "Appreciation": 3500.0,
        "Non traditional benefits": 900.0,
        "Professional Development": 3000.0,
        "Board Development": 400.0,
        "Licensing Fees": 550.0,
        "Blue Snap Fees": 24500.0,
        "Paypal Processing Fee": 200.0,
        "QuickBooks Fee": 2500.0,
        "Rent": 34000.0,
        "Office Supplies": 1400.0,
        "IT Support & Telephone": 1984.0,
        "Software, Hardware & Equipment": 2784.0,
        "Food": 4800.0,
        "Fuel": 3960.0,
        "Gear": 2800.0,
        "Lodging": 1627.0,
        "Permits & Fees": 5000.0,
        "Supplies": 4000.0,
        "Transport": 1200.0,
        "First Aid": 2125.0,
        "Postage": 2800.0,
        "Printing & Copying": 1850.0,
        "Outreach & Marketing": 4500.0,
        "WA Dept of Revenue": 100.0,
        "Transportation/Standard Maintenance": 4500.0,
        "Mileage reimbursement": 3500.0
      }
    },
    "FY25 Actuals": {
      "Revenue": {
        "Contributions": 71376.23000000001,
        "Grants": 322867.09,
        "Earned Revenue": 624820.83,
        "Fundraising Events": 7521.200000000001,
        "Sponsorships": 27974.61,
        "Other": 10362.019999999999
      },
      "Expenses": {
        "Salaries & Wages": 901919.7700000001,
        "Payroll Taxes": 86631.72,
        "Staff Benefits": 28612.77,
        "Accounting": 7350.0,
        "Other Contractors": 800.0,
        "Insurance - Liability, D & O": 12159.0,
        "Regpack Subscription": 1500.0,
        "Stripe": 1075.7199999999998,
        "Appreciation": 4598.95,
        "Non traditional benefits": 8757.81,
        "Professional Development": 4888.149999999999,
        "Board Development": 428.87,
        "Licensing Fees": 105.0,
        "Blue Snap Fees": 21455.660000000003,
        "Paypal Processing Fee": 119.64999999999998,
        "QuickBooks Fee": 1640.8500000000004,
        "Rent": 32085.66,
        "Office Supplies": 1352.19,
        "IT Support & Telephone": 1845.9200000000003,
        "Software, Hardware & Equipment": 3445.1600000000008,
        "Food": 5719.910000000001,
        "Fuel": 3680.3399999999997,
        "Gear": 2451.6,
        "Lodging": 1479.01,
        "Permits & Fees": 2193.3,
        "Supplies": 4700.73,
        "Transport": 1172.62,
        "First Aid": 1696.9199999999998,
        "Postage": 1547.46,
        "Printing & Copying": 2630.2400000000002,
        "Outreach & Marketing": 4129.889999999999,
        "WA Dept of Revenue": 174.44,
        "Transportation/Standard Maintenance": 3392.1800000000003,
        "Mileage reimbursement": 2779.8600000000006,
        "Other": 232.98000000000002
      }
    },
    "FY24 Actuals": {
      "Revenue": {
        "Contributions": 83044.0,
        "Grants": 187904.0,
        "Earned Revenue": 622860.0,
        "Contracts": 4250.0,
        "Fundraising Events": 10700.0,
        "Sponsorships": 12483.0,
        "Other": 9957.0
      },
      "Expenses": {
        "Salaries & Wages": 839138.0,
        "Payroll Taxes": 82553.0,
        "Staff Benefits": 31887.0,
        "Accounting": 7135.0,
        "Other Contractors": 54.0,
        "Insurance - Liability, D & O": 9946.0,
        "Stripe": 251.0,
        "Appreciation": 2509.0,
        "Non traditional benefits": 11073.0,
        "Professional Development": 8474.0,
        "Board Development": 398.0,
        "Licensing Fees": 2438.0,
        "Blue Snap Fees": 21310.0,
        "Paypal Processing Fee": 509.0,
        "QuickBooks Fee": 4628.0,
        "Rent": 34192.0,
        "Office Supplies": 1764.0,
        "IT Support & Telephone": 1458.0,
        "Software, Hardware & Equipment": 3505.0,
        "Food": 5352.0,
        "Fuel": 4361.0,
        "Gear": 1634.0,
        "Lodging": 1104.0,
        "Permits & Fees": 4252.0,
        "Supplies": 4786.0,
        "Transport": 1840.0,
        "First Aid": 2084.0,
        "Postage": 2144.0,
        "Printing & Copying": 1861.0,
        "Outreach & Marketing": 5334.0,
        "Advertising": 981.0,
        "SWAG": 1002.0,
        "Transportation/Standard Maintenance": 10089.0,
        "Mileage reimbursement": 2066.0,
        "Other": 19057.0
      }
    },
    "FY23 Actuals": {
      "Revenue": {
        "Contributions": 104182.0,
        "Grants": 232347.0,
        "Earned Revenue": 552536.0,
        "Fundraising Events": 3906.0,
        "Sponsorships": 20602.0,
        "Other": 154195.0
      },
      "Expenses": {
        "Salaries & Wages": 768651.0,
        "Payroll Taxes": 75373.0,
        "Other Personnel (WA Cares)": 6985.0,
        "Accounting": 11825.0,
        "Other Contractors": 8349.0,
        "Insurance - Liability, D & O": 3000.0,
        "Regpack Subscription": 75.0,
        "Stripe": 4384.0,
        "Appreciation": 8966.0,
        "Non traditional benefits": 5673.0,
        "Professional Development": 519.0,
        "Board Development": 554.0,
        "Licensing Fees": 18525.0,
        "Blue Snap Fees": 773.0,
        "Paypal Processing Fee": 2055.0,
        "QuickBooks Fee": 27446.0,
        "Rent": 1692.0,
        "Office Supplies": 1116.0,
        "IT Support & Telephone": 3268.0,
        "Software, Hardware & Equipment": 3279.0,
        "Food": 3882.0,
        "Fuel": 6017.0,
        "Gear": 775.0,
        "Lodging": 3114.0,
        "Permits & Fees": 4880.0,
        "Supplies": 1108.0,
        "Transport": 1915.0,
        "First Aid": 1078.0,
        "Postage": 3606.0,
        "Printing & Copying": 2737.0,
        "Outreach & Marketing": 2134.0,
        "Advertising": 3548.0,
        "SWAG": 581.0,
        "City of Bellingham": 953.0,
        "WA Dept of Revenue": 7786.0,
        "Transportation/Standard Maintenance": 43.0
      }
    },
    "FY22 Actuals": {
      "Revenue": {
        "Contributions": 94895.0,
        "Grants": 114945.0,
        "Earned Revenue": 475437.0,
        "Contracts": 6972.0,
        "Fundraising Events": 6614.0,
        "Sponsorships": 14784.0,
        "Other": 1190.0
      },
      "Expenses": {
        "Salaries & Wages": 563876.0,
        "Payroll Taxes": 53453.0,
        "Accounting": 5750.0,
        "Other Contractors": 522.0,
        "Insurance - Liability, D & O": 7077.0,
        "Regpack Subscription": 350.0,
        "Stripe": 41.0,
        "Appreciation": 8472.0,
        "Professional Development": 2070.0,
        "Board Development": 490.0,
        "Licensing Fees": 233.0,
        "Blue Snap Fees": 16482.0,
        "Paypal Processing Fee": 899.0,
        "QuickBooks Fee": 1099.0,
        "Rent": 23386.0,
        "Office Supplies": 3410.0,
        "IT Support & Telephone": 1145.0,
        "Software, Hardware & Equipment": 3433.0,
        "Food": 3383.0,
        "Fuel": 2248.0,
        "Gear": 5580.0,
        "Permits & Fees": 1371.0,
        "Supplies": 4149.0,
        "Transport": 735.0,
        "First Aid": 1484.0,
        "Postage": 1401.0,
        "Printing & Copying": 3366.0,
        "Outreach & Marketing": 4029.0,
        "City of Bellingham": 588.0,
        "WA Dept of Revenue": 2054.0,
        "Transportation/Standard Maintenance": 2586.0,
        "Other": 46.0
      }
    },
    "FY21 Actuals": {
      "Revenue": {
        "Contributions": 94716.0,
        "Grants": 175314.0,
        "Earned Revenue": 473384.24,
        "Fundraising Events": 40.0,
        "Sponsorships": 19500.0,
        "Other": 88007.0
      },
      "Expenses": {
        "Salaries & Wages": 449457.9,
        "Payroll Taxes": 39774.58,
        "Accounting": 5550.0,